{
    "timestamp": "2025-10-26 21:08:12",
    "model_type": "RandomForestClassifier (Optimized)",
    "hyperparameters": {
        "n_estimators": 150,
        "best_max_depth": 10,
        "random_state": 42,
        "min_samples_split": 10,
        "min_samples_leaf": 5,
        "max_features": "sqrt",
        "max_samples": 0.8,
        "class_weight": {
            "mango_healthy": 1.1193853427895981,
            "mango_rotten": 0.9036259541984732
        }
    },
    "dataset": {
        "train_samples": 2841,
        "val_samples": 609,
        "test_samples": 610,
        "feature_dimension": 29,
        "classes": [
            "mango_healthy",
            "mango_rotten"
        ],
        "distribution": {
            "train": {
                "mango_healthy": 1269,
                "mango_rotten": 1572
            },
            "val": {
                "mango_healthy": 272,
                "mango_rotten": 337
            },
            "test": {
                "mango_healthy": 272,
                "mango_rotten": 338
            }
        }
    },
    "training_history": {
        "max_depths": [
            4,
            6,
            8,
            10,
            12
        ],
        "train_accuracy": [
            0.9517775431186202,
            0.9739528335093277,
            0.9820485744456178,
            0.986272439281943,
            0.986272439281943
        ],
        "val_accuracy": [
            0.9359605911330049,
            0.9622331691297209,
            0.9704433497536946,
            0.9753694581280788,
            0.9737274220032841
        ],
        "overfitting_gaps": [
            0.01581695198561528,
            0.011719664379606809,
            0.011605224691923155,
            0.010902981153864122,
            0.012545017278658865
        ]
    },
    "final_results": {
        "train_accuracy": 0.986272439281943,
        "val_accuracy": 0.9753694581280788,
        "test_accuracy": 0.9770491803278688,
        "overfitting_gap": 0.010902981153864122
    }
}