{
    "timestamp": "2025-10-24 19:16:29",
    "model_type": "RandomForestClassifier",
    "hyperparameters": {
        "n_estimators": 100,
        "best_max_depth": null,
        "random_state": 42
    },
    "dataset": {
        "train_samples": 2841,
        "val_samples": 609,
        "feature_dimension": 16,
        "classes": [
            "mango_healthy",
            "mango_rotten"
        ]
    },
    "training_history": {
        "max_depths": [
            "2",
            "4",
            "6",
            "8",
            "10",
            "None"
        ],
        "train_accuracy": [
            0.7954945441745864,
            0.9039070749736009,
            0.9542414642731433,
            0.9795846532910947,
            0.9933122140091517,
            1.0
        ],
        "val_accuracy": [
            0.7931034482758621,
            0.8768472906403941,
            0.9178981937602627,
            0.9326765188834154,
            0.9507389162561576,
            0.9605911330049262
        ]
    },
    "final_results": {
        "train_accuracy": 1.0,
        "val_accuracy": 0.9605911330049262
    }
}